size,clauses,kappa,time_encoding,time_iteration,tot_time,memory (MB),formula
5,8,1,0.02611708641052246,0.0363774299621582,0.062494516372680664,0.6556224822998047,[(x_3 v x_1 v -x_2) ^ (x_0 v -x_1 v -x_4) ^ (x_0 v -x_2 v -x_3) ^ (x_1 v -x_4) ^ (-x_1 v -x_4 v -x_3) ^ (x_4 v -x_3 v -x_0) ^ (-x_3) ^ (-x_1 v x_4 v -x_0)]
5,15,6,0.2700963020324707,inf,inf,6.950453758239746,[(-x_1 v x_3 v -x_0) ^ (x_1 v -x_4 v -x_2) ^ (-x_1 v -x_4 v -x_2) ^ (x_3 v x_4 v x_0) ^ (x_3 v x_1 v -x_4) ^ (x_0 v -x_3) ^ (-x_4 v -x_2 v -x_0) ^ (x_1 v -x_4 v -x_3) ^ (x_1 v x_2) ^ (-x_1 v x_4 v x_2) ^ (x_1 v x_2 v -x_3) ^ (-x_1 v -x_0) ^ (-x_4 v x_2) ^ (x_3 v -x_4 v -x_2) ^ (x_3 v x_4 v -x_0)]
5,8,1,0.12613868713378906,0.2826378345489502,0.40877652168273926,0.5185794830322266,[(x_4 v x_2 v -x_3) ^ (x_0 v -x_1 v -x_4) ^ (-x_4 v -x_2 v -x_0) ^ (x_4 v -x_0) ^ (x_0 v x_1 v -x_3) ^ (-x_3) ^ (-x_4 v -x_3) ^ (-x_0 v -x_4 v -x_3)]
5,12,6,1.262312412261963,inf,inf,6.177475929260254,[(x_3 v x_4 v x_2) ^ (x_3 v -x_0) ^ (-x_4 v x_2 v -x_0) ^ (x_1 v -x_2 v -x_3) ^ (x_3 v x_4 v -x_2) ^ (-x_1 v x_2 v x_3) ^ (x_0 v x_1) ^ (x_0 v -x_4 v -x_3) ^ (x_3 v x_4) ^ (x_0 v -x_2 v x_3) ^ (x_3 v x_2 v x_0) ^ (x_0 v x_1 v -x_3)]
5,8,1,0.03369855880737305,0.012726783752441406,0.04642534255981445,0.7779321670532227,[(-x_1 v -x_4 v x_3) ^ (x_3 v -x_2 v x_4) ^ (x_0 v x_4 v -x_2) ^ (-x_1 v x_2 v -x_0) ^ (-x_1 v -x_4 v -x_3) ^ (x_1 v -x_0) ^ (-x_1 v -x_4 v x_2) ^ (x_1 v x_4 v -x_3)]
5,14,6,0.2568995952606201,40.366222858428955,40.623122453689575,4.909552574157715,[(-x_1 v x_4) ^ (x_1 v -x_2) ^ (x_0 v -x_2) ^ (-x_4 v x_2 v -x_0) ^ (x_1 v -x_3) ^ (-x_1 v -x_2 v x_0) ^ (x_0 v x_4 v x_2) ^ (x_0 v -x_3) ^ (-x_0 v x_2 v -x_3) ^ (-x_1 v x_2) ^ (x_1 v x_2) ^ (x_0 v x_2 v -x_3) ^ (-x_1 v -x_4 v x_2) ^ (x_1 v x_4 v -x_3)]
5,9,1,0.035994768142700195,0.06571197509765625,0.10170674324035645,0.8387298583984375,[(x_3 v x_4 v x_2) ^ (x_1 v x_4 v x_2) ^ (x_1 v -x_3 v -x_0) ^ (-x_1 v -x_4 v -x_0) ^ (-x_1 v -x_2 v -x_3) ^ (x_3 v x_2) ^ (x_1 v -x_2 v x_4) ^ (x_0 v -x_4 v -x_3) ^ (x_0 v x_1 v -x_2)]
5,6,6,0.06659317016601562,2.0429904460906982,2.109583616256714,1.528895378112793,[(x_3 v -x_0) ^ (x_1 v -x_2) ^ (x_0 v -x_2) ^ (x_0 v x_2 v x_3) ^ (-x_1 v x_3) ^ (x_0 v -x_4 v -x_3)]
5,12,1,0.037554025650024414,0.011713743209838867,0.04926776885986328,0.8704557418823242,[(-x_1 v -x_4 v x_3) ^ (x_2 v -x_0) ^ (x_0) ^ (x_3 v x_1 v -x_2) ^ (x_1) ^ (x_3 v x_1) ^ (x_0 v x_1 v x_2) ^ (x_1 v -x_2 v x_4) ^ (-x_4 v -x_2 v -x_3) ^ (x_3 v x_1 v -x_0) ^ (x_0 v x_1 v x_4) ^ (-x_1 v -x_0 v -x_3)]
5,9,6,0.2182154655456543,118.45285296440125,118.6710684299469,4.650367736816406,[(x_3 v -x_2 v x_4) ^ (x_3 v -x_2 v x_0) ^ (x_0 v -x_4 v x_3) ^ (-x_0 v x_2 v -x_3) ^ (x_0 v -x_2 v -x_3) ^ (x_3 v x_2) ^ (-x_4 v x_2 v -x_3) ^ (x_3 v x_1) ^ (-x_0 v x_4 v -x_3)]
5,9,1,0.038658857345581055,0.03995966911315918,0.07861852645874023,0.8372879028320312,[(x_4 v x_2 v -x_3) ^ (x_1 v x_4 v x_2) ^ (-x_2 v x_4) ^ (-x_1 v -x_4 v -x_2) ^ (x_3 v -x_1 v -x_0) ^ (x_0 v x_1 v x_3) ^ (x_1 v -x_4 v x_2) ^ (x_3 v x_1 v x_2) ^ (-x_4 v -x_3 v -x_0)]
5,5,6,0.13302016258239746,44.45567464828491,44.58869481086731,2.9941768646240234,[(x_0 v x_4 v -x_3) ^ (-x_4 v -x_2 v -x_3) ^ (-x_1 v x_3 v x_0) ^ (x_0 v -x_1 v -x_4) ^ (x_0 v x_1 v -x_3)]
5,7,1,0.036023855209350586,0.021709918975830078,0.057733774185180664,0.6621723175048828,[(x_1 v -x_3 v -x_0) ^ (-x_1 v -x_3 v -x_0) ^ (-x_0 v x_1 v -x_3) ^ (x_3 v x_1) ^ (-x_1 v -x_4 v x_2) ^ (x_3 v x_4 v -x_0) ^ (x_1 v x_4 v -x_3)]
5,9,6,0.2225191593170166,52.05002450942993,52.27254366874695,4.404393196105957,[(x_1 v -x_2 v -x_3) ^ (-x_1 v -x_2 v x_0) ^ (-x_1 v -x_4 v -x_2) ^ (x_0 v x_2) ^ (x_0 v -x_4 v -x_3) ^ (x_0 v x_2 v -x_3) ^ (x_4 v -x_3 v -x_0) ^ (x_3 v x_1 v x_4) ^ (-x_4 v x_2)]
5,7,1,0.02080559730529785,0.008388757705688477,0.029194355010986328,0.5125007629394531,[(x_3 v x_4 v x_2) ^ (-x_4 v x_2 v -x_0) ^ (x_0 v x_1 v -x_4) ^ (x_3 v -x_4) ^ (-x_0 v -x_2 v x_4) ^ (x_1 v x_2) ^ (-x_2 v -x_3)]
5,9,6,0.16037440299987793,14.072338581085205,14.232712984085083,3.2021799087524414,[(x_1 v x_2 v -x_0) ^ (x_3 v x_1 v -x_2) ^ (x_1 v -x_4 v -x_2) ^ (-x_4 v -x_2 v -x_0) ^ (x_3 v x_1) ^ (x_3 v x_0) ^ (x_1 v x_2) ^ (x_1 v -x_0) ^ (-x_1 v -x_2 v x_3)]
5,8,1,0.02470231056213379,0.047472476959228516,0.0721747875213623,0.5768804550170898,[(-x_2 v x_4) ^ (-x_1 v x_3 v -x_0) ^ (x_1 v -x_3) ^ (x_0 v -x_4 v -x_2) ^ (-x_0 v -x_4 v -x_3) ^ (x_0 v -x_1 v -x_2) ^ (x_4 v x_2) ^ (x_0 v x_1 v -x_2)]
5,8,6,0.12787103652954102,4.5516746044158936,4.679545640945435,2.2895631790161133,[(-x_1 v x_2 v x_0) ^ (-x_1 v -x_4 v -x_2) ^ (-x_1 v -x_4) ^ (x_0 v x_4 v x_3) ^ (-x_1 v -x_0) ^ (-x_1 v -x_2 v -x_0) ^ (-x_4 v x_2) ^ (x_3 v x_4)]
5,11,1,0.03917717933654785,0.028922080993652344,0.0680992603302002,0.8547401428222656,[(x_1 v x_4 v x_2) ^ (x_1 v -x_2) ^ (x_0 v -x_2 v x_4) ^ (x_0 v -x_4 v -x_2) ^ (-x_1 v -x_4) ^ (-x_1 v x_2) ^ (x_0 v x_1 v x_2) ^ (x_0 v x_2) ^ (-x_2 v -x_3 v x_4) ^ (x_3 v -x_4 v -x_2) ^ (x_0 v -x_1 v x_3)]
5,14,6,0.297961950302124,inf,inf,6.317071914672852,[(-x_1 v -x_3) ^ (-x_1 v x_3 v -x_0) ^ (x_3 v -x_0) ^ (x_0 v x_4 v -x_3) ^ (x_0 v -x_4 v -x_2) ^ (-x_1 v -x_2 v x_4) ^ (x_3 v -x_4) ^ (x_3 v x_2) ^ (x_1 v -x_4 v x_2) ^ (x_1 v x_2 v -x_3) ^ (x_1 v -x_2 v -x_0) ^ (x_3 v x_1 v -x_0) ^ (x_4 v x_2) ^ (x_0 v x_1 v -x_3)]
5,6,1,0.029474735260009766,0.06563258171081543,0.0951073169708252,0.5968685150146484,[(x_3 v x_1 v -x_2) ^ (x_3 v -x_2 v x_4) ^ (x_1 v -x_3) ^ (x_0 v x_1 v -x_4) ^ (x_0 v -x_4 v -x_2) ^ (x_0 v -x_1 v -x_3)]
5,5,6,0.08256340026855469,6.886440277099609,6.969003677368164,1.812983512878418,[(-x_1 v -x_2) ^ (x_3 v -x_2 v x_4) ^ (-x_4 v -x_2 v -x_0) ^ (x_3 v -x_4) ^ (x_0 v x_1 v -x_3)]
5,6,1,0.020841598510742188,0.010013103485107422,0.03085470199584961,0.44010066986083984,[(-x_1 v x_4) ^ (x_1 v -x_2 v -x_3) ^ (x_3 v -x_1 v -x_0) ^ (x_3) ^ (-x_1 v -x_4 v -x_3) ^ (x_4 v -x_3 v -x_0)]
5,12,6,0.23215770721435547,84.23838663101196,84.47054433822632,4.571938514709473,[(x_0 v -x_2) ^ (x_1 v -x_0) ^ (x_0 v -x_4 v -x_2) ^ (-x_1 v x_4 v -x_3) ^ (x_1 v x_2) ^ (x_0 v x_2) ^ (-x_2 v -x_3 v x_4) ^ (x_4 v x_2 v -x_0) ^ (-x_4 v -x_2 v -x_3) ^ (x_0 v -x_4) ^ (x_0 v -x_1 v -x_4) ^ (x_3 v x_4 v -x_0)]
5,14,1,0.02750372886657715,0.03427553176879883,0.06177926063537598,0.6592330932617188,[(-x_0 v -x_3) ^ (x_1 v -x_2) ^ (x_3 v -x_2 v x_4) ^ (x_0 v -x_1) ^ (-x_1 v -x_3 v -x_0) ^ (x_0 v x_4) ^ (x_0 v -x_2 v -x_3) ^ (x_3 v x_0) ^ (-x_0 v -x_2 v -x_3) ^ (-x_1 v -x_0) ^ (x_1 v -x_0) ^ (x_0 v -x_4) ^ (x_3 v -x_2 v -x_0) ^ (-x_1 v x_4 v -x_0)]
5,11,6,0.2521476745605469,34.990013122558594,35.24216079711914,4.849573135375977,[(x_1 v x_2 v -x_0) ^ (-x_1 v -x_4 v -x_0) ^ (x_0 v -x_1 v x_4) ^ (-x_1) ^ (x_1 v -x_4) ^ (x_3 v x_1 v x_0) ^ (x_4 v -x_0) ^ (-x_1 v x_4 v x_2) ^ (-x_2 v -x_3 v x_4) ^ (-x_1 v -x_4 v x_2) ^ (-x_4 v -x_3 v -x_0)]
5,15,1,0.041695594787597656,0.047028541564941406,0.08872413635253906,0.9461650848388672,[(-x_2 v -x_0) ^ (-x_1 v x_0) ^ (-x_1 v x_2 v -x_3) ^ (x_1 v -x_2 v -x_3) ^ (x_4 v x_2) ^ (x_1 v -x_4) ^ (-x_0 v x_1 v -x_3) ^ (x_3 v x_1) ^ (-x_1 v -x_3 v x_0) ^ (-x_1 v x_4 v x_2) ^ (x_1 v -x_0) ^ (x_0 v -x_4 v x_2) ^ (x_3 v x_4) ^ (x_3 v -x_4 v -x_2) ^ (-x_1 v -x_0 v -x_3)]
5,12,6,0.3374345302581787,inf,inf,6.609235763549805,[(-x_1 v x_4 v -x_0) ^ (x_3 v -x_2) ^ (x_1 v -x_4 v -x_2) ^ (x_0 v -x_1 v x_4) ^ (x_0 v -x_3) ^ (x_0 v -x_4 v -x_2) ^ (x_1 v -x_4 v x_2) ^ (x_0 v x_1 v -x_2) ^ (-x_1 v -x_4 v x_2) ^ (x_3 v -x_4 v -x_2) ^ (x_0 v x_1 v x_4) ^ (x_1 v x_4 v -x_3)]
5,15,1,0.0318450927734375,0.17492008209228516,0.20676517486572266,0.7884931564331055,[(-x_2 v x_4) ^ (x_3 v -x_0) ^ (x_1 v x_2 v -x_0) ^ (x_1 v -x_3) ^ (-x_1 v -x_2 v x_0) ^ (x_0 v -x_1) ^ (-x_4 v -x_2) ^ (x_0 v -x_2 v -x_3) ^ (-x_0 v -x_2 v x_4) ^ (x_3 v -x_2 v -x_0) ^ (x_4) ^ (x_0 v x_1) ^ (x_0 v -x_4) ^ (x_3 v -x_1 v x_0) ^ (x_3 v x_4)]
5,13,6,0.3557431697845459,inf,inf,7.100903511047363,[(x_1 v x_4 v x_2) ^ (x_3 v x_4 v -x_0) ^ (x_3 v -x_1 v x_2) ^ (x_0 v -x_1) ^ (x_0 v -x_4 v -x_2) ^ (x_3 v x_1) ^ (x_1 v -x_4 v -x_3) ^ (x_4 v x_2 v -x_0) ^ (-x_4 v -x_2 v -x_3) ^ (x_4 v -x_3 v -x_0) ^ (x_0 v -x_4 v x_2) ^ (x_3 v -x_2 v -x_0) ^ (x_0 v x_1 v -x_2)]
5,10,1,0.03776741027832031,0.011456012725830078,0.04922342300415039,0.8012027740478516,[(x_3 v -x_2) ^ (x_2 v -x_3) ^ (-x_1 v -x_4 v x_3) ^ (-x_1 v x_2 v -x_3) ^ (x_0 v x_1 v -x_4) ^ (x_0 v -x_3) ^ (-x_1 v x_4 v -x_3) ^ (-x_0 v -x_2 v -x_3) ^ (x_4 v x_2 v -x_0) ^ (x_3 v -x_4 v -x_2)]
5,7,6,0.14300203323364258,36.525187492370605,36.66818952560425,2.8031177520751953,[(-x_1 v x_3 v -x_0) ^ (x_2 v -x_0) ^ (-x_0 v -x_3) ^ (x_1 v -x_4 v -x_3) ^ (x_1 v x_2) ^ (-x_1 v x_4 v x_0) ^ (x_3 v x_1 v x_2)]
5,11,1,0.040625572204589844,0.04666852951049805,0.08729410171508789,0.8081436157226562,[(-x_2 v x_4) ^ (x_0 v -x_4 v x_3) ^ (x_3 v -x_2 v x_0) ^ (x_0 v -x_1 v -x_2) ^ (x_1 v x_2) ^ (-x_1 v x_4 v x_0) ^ (-x_4 v -x_2 v -x_3) ^ (-x_0 v x_4 v -x_3) ^ (-x_4 v x_2) ^ (-x_2 v -x_3) ^ (x_0 v x_1 v -x_2)]
5,15,6,0.276735782623291,inf,inf,6.305560111999512,[(x_3 v -x_2) ^ (x_1 v x_4 v x_2) ^ (x_1 v -x_2) ^ (x_3 v x_1 v -x_2) ^ (-x_1 v -x_2 v x_4) ^ (x_1 v x_4 v -x_0) ^ (x_0 v -x_4) ^ (x_3 v x_2) ^ (x_3 v -x_4 v -x_0) ^ (x_1 v -x_0) ^ (-x_1 v x_3 v x_0) ^ (-x_1 v -x_4 v x_2) ^ (-x_4 v x_2) ^ (x_3 v x_4 v -x_0) ^ (-x_1 v x_4 v -x_0)]
5,14,1,0.04695439338684082,0.1158437728881836,0.16279816627502441,1.1392602920532227,[(x_1 v -x_4 v -x_0) ^ (x_4 v x_2 v -x_3) ^ (x_2 v -x_0) ^ (x_1 v -x_4 v -x_2) ^ (x_0 v x_4 v x_2) ^ (x_3 v x_2 v -x_0) ^ (-x_4 v -x_0) ^ (-x_1 v -x_3 v -x_0) ^ (x_0 v -x_2 v -x_3) ^ (x_1 v -x_4) ^ (x_0 v x_2) ^ (x_3 v x_1 v x_2) ^ (-x_1 v -x_2 v x_3) ^ (x_3 v -x_4 v -x_2)]
5,13,6,0.23938965797424316,inf,inf,5.186056137084961,[(-x_1 v -x_2) ^ (x_2 v -x_0) ^ (x_3 v -x_0) ^ (-x_4 v x_2 v -x_0) ^ (x_0 v -x_1 v x_2) ^ (-x_0 v -x_4 v -x_3) ^ (-x_1 v x_4 v -x_3) ^ (x_4 v -x_0) ^ (x_0 v -x_1 v -x_3) ^ (x_3 v x_1) ^ (x_3 v -x_1 v x_0) ^ (x_0 v -x_2 v x_3) ^ (x_0 v x_1 v -x_3)]
5,8,1,0.024968624114990234,0.04813671112060547,0.0731053352355957,0.5399694442749023,[(-x_4 v -x_0) ^ (x_3 v x_4 v x_0) ^ (-x_2 v -x_3 v -x_0) ^ (-x_1 v x_3) ^ (x_1 v -x_2 v x_4) ^ (x_3 v x_1 v x_4) ^ (x_4 v x_2) ^ (-x_4 v -x_3 v -x_0)]
5,7,6,0.1799025535583496,0.14660048484802246,0.32650303840637207,3.36273193359375,[(-x_1 v -x_4 v x_3) ^ (x_1) ^ (-x_4 v -x_0) ^ (-x_0 v -x_2 v x_4) ^ (x_0 v x_1 v x_4) ^ (x_3 v x_4 v -x_0) ^ (-x_1 v x_4 v -x_0)]
5,6,1,0.025898218154907227,0.030373096466064453,0.05627131462097168,0.6002597808837891,[(x_2 v -x_3 v -x_0) ^ (x_3 v x_2) ^ (-x_2 v -x_3 v x_4) ^ (x_1 v x_2 v -x_3) ^ (x_0 v -x_4 v -x_3) ^ (x_0 v x_1 v x_4)]
5,14,6,0.2534754276275635,138.33152198791504,138.5849974155426,5.187471389770508,[(-x_1 v -x_2) ^ (x_1 v -x_2) ^ (x_0 v x_4) ^ (-x_4 v -x_0) ^ (x_0 v -x_2 v x_4) ^ (-x_1 v -x_4) ^ (-x_1 v x_4 v -x_3) ^ (-x_2 v -x_3 v x_4) ^ (x_4 v -x_3 v -x_0) ^ (x_3 v x_1 v x_2) ^ (x_4 v -x_3) ^ (-x_4 v -x_3 v -x_0) ^ (x_3 v -x_1 v -x_4) ^ (x_3 v -x_4 v x_0)]
5,5,1,0.016869068145751953,0.007951021194458008,0.02482008934020996,0.4019899368286133,[(x_0 v x_4 v -x_3) ^ (x_3 v x_1 v -x_4) ^ (-x_1 v -x_4) ^ (x_1 v -x_2 v -x_0) ^ (x_0 v -x_4)]
5,7,6,0.2097001075744629,224.66761088371277,224.87731099128723,4.572954177856445,[(x_3 v -x_4 v x_2) ^ (x_3 v -x_1 v x_4) ^ (x_4 v x_2 v -x_0) ^ (x_3 v -x_1 v -x_2) ^ (-x_0 v x_4 v -x_3) ^ (x_3 v x_1 v -x_0) ^ (x_3 v x_2 v x_0)]
5,6,1,0.019974708557128906,0.0077991485595703125,0.02777385711669922,0.5110979080200195,[(x_4 v x_2 v -x_3) ^ (x_1 v x_4 v x_2) ^ (-x_1 v x_2 v -x_3) ^ (x_3 v x_0) ^ (-x_1 v x_2 v -x_0) ^ (-x_2 v -x_3)]
5,15,6,0.3617372512817383,inf,inf,6.668883323669434,[(x_3 v x_4 v x_2) ^ (-x_1 v x_0) ^ (x_0 v x_4 v -x_3) ^ (x_3 v x_2 v -x_0) ^ (x_4 v x_2) ^ (x_3 v -x_4 v x_2) ^ (x_3 v -x_1 v x_4) ^ (-x_4 v -x_2) ^ (x_1 v -x_4 v -x_3) ^ (x_1 v x_2) ^ (-x_1 v x_4 v x_0) ^ (x_0 v -x_4 v x_2) ^ (x_3 v x_1 v x_2) ^ (x_3 v x_4) ^ (-x_1 v -x_0 v -x_3)]
5,10,1,0.037621498107910156,0.03890395164489746,0.07652544975280762,0.8435735702514648,[(-x_1 v -x_2) ^ (x_3 v -x_1 v x_2) ^ (x_3 v -x_2 v x_0) ^ (-x_4 v -x_2) ^ (x_1 v -x_4 v -x_3) ^ (-x_1 v -x_4 v x_0) ^ (x_0 v x_1 v x_3) ^ (-x_1 v x_2 v -x_0) ^ (-x_1 v x_3) ^ (x_0 v x_4 v x_3)]
5,14,6,0.23743247985839844,105.04835891723633,105.28579139709473,5.276451110839844,[(-x_1 v -x_2) ^ (x_3 v x_1 v -x_2) ^ (x_1 v -x_2 v -x_3) ^ (x_0 v -x_1) ^ (-x_1 v -x_3 v -x_0) ^ (x_0 v -x_4 v -x_2) ^ (-x_0 v -x_2 v x_4) ^ (x_3 v x_2) ^ (x_4 v -x_0) ^ (x_0 v x_2) ^ (x_0 v x_2 v -x_3) ^ (-x_1 v -x_4 v x_2) ^ (x_3 v x_4) ^ (x_0 v x_1 v -x_2)]
5,8,1,0.030588865280151367,0.00986480712890625,0.04045367240905762,0.6934022903442383,[(x_1 v x_2 v -x_0) ^ (x_2 v -x_3 v -x_0) ^ (-x_1 v -x_4) ^ (x_1 v -x_4 v x_2) ^ (x_1 v -x_2 v -x_0) ^ (x_3 v -x_1 v -x_2) ^ (-x_1 v -x_4 v -x_3) ^ (x_0 v x_1)]
5,13,6,0.217271089553833,0.20521283149719238,0.4224839210510254,4.85798454284668,[(-x_1 v x_4) ^ (x_2 v -x_0) ^ (-x_2 v -x_0) ^ (-x_4 v x_2 v -x_0) ^ (x_3 v x_1 v -x_4) ^ (-x_4 v -x_2) ^ (x_0 v -x_3) ^ (-x_1 v -x_4) ^ (x_1 v -x_4 v -x_3) ^ (-x_1 v x_2 v x_3) ^ (x_4 v -x_3 v -x_0) ^ (x_3 v x_1 v -x_0) ^ (x_3 v -x_4 v -x_2)]
5,12,1,0.022159337997436523,0.024196624755859375,0.0463559627532959,0.5143890380859375,[(-x_2 v x_4) ^ (x_3 v -x_0) ^ (-x_1 v x_0) ^ (x_1 v -x_2) ^ (x_1 v -x_2 v -x_3) ^ (x_0 v -x_4 v -x_2) ^ (x_3 v -x_4) ^ (-x_0) ^ (x_0 v x_2) ^ (-x_4 v x_2) ^ (-x_4 v -x_3 v -x_0) ^ (x_3 v x_4 v -x_0)]
5,12,6,0.25417304039001465,inf,inf,5.534202575683594,[(-x_1 v -x_4 v -x_0) ^ (x_0 v x_4 v -x_3) ^ (x_1) ^ (x_0 v x_4 v x_2) ^ (x_3 v x_1 v -x_4) ^ (-x_4 v -x_2 v -x_0) ^ (x_1 v x_2) ^ (x_0 v x_4 v -x_2) ^ (x_1 v -x_2 v x_4) ^ (x_3 v x_4) ^ (x_3 v -x_1 v -x_4) ^ (-x_1 v x_4 v -x_0)]
5,5,1,0.018294572830200195,0.007565736770629883,0.025860309600830078,0.40334129333496094,[(x_0 v -x_3) ^ (x_1 v x_4 v -x_0) ^ (x_3 v -x_4 v -x_0) ^ (x_3 v x_1 v x_2) ^ (-x_4 v -x_3)]
5,7,6,0.14412641525268555,12.455959558486938,12.600085973739624,3.110079765319824,[(x_3 v -x_2) ^ (x_3 v -x_1 v x_2) ^ (x_0 v -x_4 v -x_2) ^ (x_0 v x_4 v -x_2) ^ (-x_0 v -x_2 v -x_3) ^ (-x_1 v -x_0) ^ (x_3 v -x_1 v -x_4)]
5,14,1,0.043906211853027344,0.4191775321960449,0.46308374404907227,1.0509347915649414,[(x_0 v -x_2 v x_4) ^ (x_0 v -x_4 v -x_2) ^ (x_3 v x_1 v -x_4) ^ (-x_4 v -x_2) ^ (x_1 v x_4 v -x_0) ^ (x_3 v x_1) ^ (-x_1 v x_4 v x_2) ^ (-x_1 v -x_4 v x_2) ^ (x_1 v x_2 v -x_3) ^ (x_0 v x_1) ^ (-x_4 v -x_2 v -x_3) ^ (-x_1 v -x_0) ^ (x_0 v -x_4) ^ (x_3 v -x_1 v -x_4)]
5,13,6,0.22335195541381836,inf,inf,4.701262474060059,[(x_2 v -x_0) ^ (x_0 v -x_1) ^ (x_3 v -x_4 v -x_0) ^ (-x_1 v x_2) ^ (x_4 v -x_0) ^ (x_0 v x_1 v x_2) ^ (-x_2 v -x_3 v x_4) ^ (x_3 v x_1 v -x_0) ^ (x_0 v x_1) ^ (x_3 v x_1 v x_4) ^ (-x_4 v -x_3) ^ (x_3 v x_2 v x_0) ^ (-x_1 v -x_0 v -x_3)]
5,11,1,0.03431296348571777,0.025053739547729492,0.059366703033447266,0.8117990493774414,[(-x_2 v -x_0) ^ (x_1 v -x_4 v -x_2) ^ (x_0 v -x_4 v -x_2) ^ (-x_1 v -x_4 v -x_2) ^ (x_3 v x_2) ^ (x_3 v -x_4 v -x_0) ^ (x_0 v x_1 v x_2) ^ (x_0 v x_1) ^ (x_0 v -x_4 v x_2) ^ (x_4 v -x_3) ^ (x_0 v x_1 v x_4)]
5,10,6,0.24985814094543457,inf,inf,5.445603370666504,[(x_3 v x_4 v x_2) ^ (x_3 v -x_1 v x_2) ^ (-x_1 v x_2 v -x_3) ^ (x_3 v -x_2 v x_4) ^ (x_0 v -x_2) ^ (-x_1 v x_4 v x_3) ^ (-x_1 v -x_2 v x_4) ^ (x_4 v x_2) ^ (x_3 v x_2 v x_0) ^ (x_0 v x_1 v -x_3)]
5,10,1,0.03543901443481445,0.1580657958984375,0.19350481033325195,0.8679418563842773,[(x_0 v -x_2) ^ (x_1 v -x_4 v -x_2) ^ (x_0 v -x_4 v x_3) ^ (x_1 v x_4) ^ (x_0 v x_1 v -x_4) ^ (-x_4 v -x_0) ^ (-x_0 v -x_2 v x_4) ^ (x_1 v -x_2 v -x_0) ^ (-x_1 v -x_4 v x_2) ^ (x_3 v x_2 v x_0)]
5,15,6,0.23857450485229492,inf,inf,5.125487327575684,[(-x_1 v -x_3) ^ (-x_2 v -x_0) ^ (-x_1 v -x_2) ^ (x_1 v -x_2 v -x_3) ^ (x_0 v x_4) ^ (-x_4 v -x_0) ^ (-x_1 v -x_2 v -x_3) ^ (x_3 v x_4 v x_0) ^ (-x_4 v -x_2) ^ (-x_4 v x_2 v -x_3) ^ (x_1 v x_2) ^ (-x_1 v -x_3 v x_0) ^ (x_0 v -x_4 v -x_3) ^ (-x_1 v -x_2 v -x_0) ^ (-x_1 v x_4 v x_3)]
5,6,1,0.01900172233581543,0.031275272369384766,0.050276994705200195,0.4613609313964844,[(x_3 v -x_0) ^ (x_1 v -x_3 v -x_0) ^ (x_3 v x_1 v -x_2) ^ (-x_1 v -x_4 v -x_0) ^ (x_1 v -x_3) ^ (x_0 v -x_4 v -x_2)]
5,9,6,0.14475393295288086,20.681422472000122,20.826176404953003,3.223883628845215,[(x_2 v -x_0) ^ (x_1 v x_4) ^ (x_3 v -x_4 v x_2) ^ (x_0 v -x_3) ^ (x_0 v -x_2 v -x_3) ^ (x_3 v -x_4 v -x_0) ^ (-x_1 v x_2) ^ (-x_4 v x_2 v -x_3) ^ (-x_4 v -x_3 v -x_0)]
5,12,1,0.03447914123535156,0.029942989349365234,0.0644221305847168,0.8163967132568359,[(x_2) ^ (-x_1 v -x_2 v -x_3) ^ (x_3 v x_4 v x_0) ^ (x_0 v -x_1 v -x_3) ^ (-x_1 v x_2) ^ (x_3 v x_2) ^ (-x_1 v x_4 v x_2) ^ (x_1 v -x_4 v -x_3) ^ (-x_1 v -x_0) ^ (x_0 v -x_4 v x_2) ^ (-x_2 v -x_3) ^ (x_1 v x_4 v -x_3)]
5,9,6,0.09636473655700684,6.8369762897491455,6.933341026306152,2.2748451232910156,[(x_0) ^ (x_3 v x_4) ^ (x_4 v x_2) ^ (x_0 v -x_4 v -x_2) ^ (x_1 v x_4 v -x_0) ^ (-x_3 v -x_0) ^ (x_4 v -x_3) ^ (-x_2 v -x_3) ^ (x_3 v -x_1 v -x_4)]
5,15,1,0.04545927047729492,0.00940561294555664,0.05486488342285156,1.1091508865356445,[(-x_1 v -x_2) ^ (-x_1 v x_0) ^ (-x_1 v -x_4 v x_3) ^ (x_3 v x_1 v x_4) ^ (x_0 v x_2 v x_3) ^ (-x_1 v -x_4 v -x_2) ^ (-x_1 v -x_2 v -x_3) ^ (x_3 v x_4 v -x_2) ^ (x_1 v -x_4) ^ (-x_1 v x_4 v -x_3) ^ (-x_1 v x_2) ^ (-x_2 v -x_3 v x_4) ^ (x_4 v x_2 v -x_0) ^ (x_0 v x_3) ^ (x_3 v -x_4 v -x_2)]
5,9,6,0.1859889030456543,44.01561093330383,44.20159983634949,4.41595458984375,[(-x_1 v x_3 v -x_0) ^ (-x_2 v -x_3 v -x_0) ^ (x_1 v -x_4) ^ (x_3 v x_2) ^ (-x_1 v x_2 v x_3) ^ (x_0 v x_4 v x_3) ^ (x_1 v -x_2 v -x_0) ^ (-x_1 v -x_3 v x_0) ^ (-x_1 v -x_2 v x_3)]
5,8,1,0.027123451232910156,0.02046060562133789,0.04758405685424805,0.6364107131958008,[(x_1 v x_4 v x_2) ^ (-x_1 v -x_2) ^ (x_1 v -x_2 v -x_3) ^ (x_0 v -x_4 v -x_2) ^ (-x_0 v -x_2 v -x_3) ^ (-x_1 v -x_4 v -x_3) ^ (x_3 v x_4) ^ (x_0 v -x_2 v x_3)]
5,11,6,0.22173428535461426,110.83829832077026,111.06003260612488,4.898046493530273,[(x_1 v x_2 v -x_0) ^ (x_0 v -x_4 v x_2) ^ (x_0 v -x_1) ^ (x_0 v x_1 v -x_4) ^ (x_0 v -x_3) ^ (x_3 v -x_1 v x_4) ^ (x_0 v -x_2 v -x_3) ^ (-x_1 v x_2) ^ (x_0 v x_1 v x_2) ^ (x_0 v -x_4 v -x_3) ^ (-x_2 v -x_3)]
5,6,1,0.020172119140625,0.005784273147583008,0.025956392288208008,0.42121315002441406,[(x_1 v x_4 v x_2) ^ (x_2 v -x_3) ^ (x_0 v x_4 v x_2) ^ (-x_4 v -x_2) ^ (x_1 v x_2) ^ (-x_1 v x_4 v x_2)]
5,6,6,0.15296292304992676,4.056673765182495,4.209636688232422,3.3578977584838867,[(x_0 v -x_4 v -x_2) ^ (x_0 v x_2) ^ (x_0 v x_2 v -x_3) ^ (x_0 v -x_4 v x_2) ^ (-x_1 v -x_2 v x_3) ^ (x_0 v -x_2 v x_3)]
5,8,1,0.03167915344238281,0.026102304458618164,0.05778145790100098,0.7262277603149414,[(x_1 v x_4 v x_2) ^ (x_3 v -x_0) ^ (x_3 v x_1 v x_0) ^ (-x_1 v x_4 v -x_3) ^ (-x_2 v -x_3 v x_4) ^ (-x_1 v x_0 v -x_3) ^ (-x_4 v -x_3) ^ (x_0 v -x_1 v x_3)]
5,5,6,0.10341906547546387,0.0669853687286377,0.17040443420410156,2.0959701538085938,[(-x_2 v -x_0) ^ (x_0 v x_1 v -x_4) ^ (x_3 v x_2) ^ (-x_4 v x_2 v -x_3) ^ (-x_1 v -x_4 v x_2)]
5,11,1,0.03578829765319824,0.35550618171691895,0.3912944793701172,0.8124332427978516,[(-x_0 v -x_3) ^ (-x_1 v -x_3 v -x_0) ^ (-x_1 v -x_4 v -x_2) ^ (x_3 v x_1) ^ (-x_1 v x_2) ^ (-x_0 v -x_2 v -x_3) ^ (-x_1 v x_4 v x_2) ^ (-x_1 v x_2 v -x_0) ^ (x_0 v x_2 v -x_3) ^ (x_0 v x_4 v x_3) ^ (x_3 v -x_4 v x_0)]
5,5,6,0.07360482215881348,0.6969764232635498,0.7705812454223633,1.4930191040039062,[(x_2 v -x_0) ^ (x_0 v -x_4 v x_3) ^ (x_0 v -x_3) ^ (x_0 v -x_1 v -x_2) ^ (-x_3 v -x_0)]
5,12,1,0.0351865291595459,0.036620378494262695,0.0718069076538086,0.8319158554077148,[(-x_1 v x_4) ^ (x_0 v -x_4 v x_2) ^ (-x_4 v -x_0) ^ (-x_1 v -x_4 v -x_2) ^ (-x_1 v -x_2 v x_4) ^ (-x_1 v -x_4) ^ (x_3 v x_1) ^ (x_0 v -x_1 v -x_2) ^ (-x_2 v x_4 v -x_0) ^ (x_0 v x_1) ^ (x_3 v x_1 v x_4) ^ (x_3 v x_1 v -x_0)]
5,10,6,0.17675566673278809,30.43989896774292,30.616654634475708,3.589837074279785,[(x_1 v x_4 v x_2) ^ (-x_0 v -x_3) ^ (-x_4 v -x_0) ^ (x_0 v -x_4 v -x_2) ^ (x_3 v x_1) ^ (x_1 v x_2) ^ (-x_1 v -x_4 v x_2) ^ (-x_4 v x_2) ^ (x_3 v -x_1 v -x_4) ^ (x_0 v x_1 v -x_2)]
5,12,1,0.04115152359008789,0.040247201919555664,0.08139872550964355,1.007889747619629,[(x_3 v x_4 v -x_0) ^ (-x_1 v x_2 v -x_3) ^ (-x_4 v x_2 v -x_0) ^ (x_1 v -x_3) ^ (-x_1 v -x_2 v x_0) ^ (x_3 v -x_4) ^ (-x_0 v -x_2 v x_4) ^ (-x_1 v -x_4 v -x_3) ^ (x_1 v -x_0) ^ (x_3 v -x_4 v -x_2) ^ (x_0 v x_1 v -x_2) ^ (x_1 v x_4 v -x_3)]
5,10,6,0.23309564590454102,inf,inf,5.074026107788086,[(-x_0 v -x_3) ^ (x_1 v -x_4 v -x_2) ^ (-x_1 v x_2 v x_0) ^ (-x_1 v x_4 v -x_3) ^ (x_1 v -x_4 v x_2) ^ (-x_1 v x_2 v -x_0) ^ (x_4 v x_2 v -x_0) ^ (-x_4 v -x_2 v -x_3) ^ (x_4 v x_2) ^ (x_0 v x_1 v -x_2)]
5,6,1,0.02649855613708496,0.025743961334228516,0.05224251747131348,0.6090269088745117,[(x_1 v -x_2 v -x_3) ^ (-x_1 v x_2 v x_0) ^ (x_0 v x_2) ^ (x_0 v x_2 v -x_3) ^ (x_0 v -x_2 v x_3) ^ (x_0 v x_1 v x_4)]
5,14,6,0.42147254943847656,inf,inf,7.215099334716797,[(x_1 v -x_4 v -x_0) ^ (-x_1 v x_3 v -x_0) ^ (x_1 v x_2 v -x_0) ^ (x_3 v -x_4 v x_0) ^ (x_0 v x_4 v x_2) ^ (x_0 v -x_4 v x_3) ^ (-x_4 v -x_0) ^ (x_0 v -x_3) ^ (-x_4 v -x_2) ^ (x_3 v x_1 v -x_4) ^ (x_1 v -x_4 v -x_3) ^ (-x_4 v -x_2 v -x_3) ^ (-x_0 v x_4 v -x_3) ^ (x_3 v x_4 v -x_0)]
5,6,1,0.019253253936767578,0.0076868534088134766,0.026940107345581055,0.4147777557373047,[(x_1 v -x_3 v -x_0) ^ (x_0 v x_1 v -x_4) ^ (-x_2 v x_4 v -x_0) ^ (x_0 v x_1) ^ (-x_2 v -x_3) ^ (x_1 v x_4)]
5,13,6,0.2915482521057129,inf,inf,6.424097061157227,[(x_1 v -x_4 v -x_0) ^ (x_1 v -x_2 v -x_3) ^ (x_0 v -x_1 v x_4) ^ (x_3 v x_1 v -x_4) ^ (x_3 v x_1) ^ (x_4 v -x_0) ^ (-x_1 v x_4 v -x_3) ^ (x_0 v -x_1 v -x_3) ^ (-x_1 v x_2 v x_3) ^ (-x_1 v x_2 v -x_0) ^ (-x_1 v -x_4 v -x_3) ^ (x_0 v -x_4 v -x_3) ^ (-x_4 v x_2)]
5,7,1,0.022274255752563477,0.05861663818359375,0.08089089393615723,0.5273094177246094,[(x_1 v x_4 v x_2) ^ (-x_1 v x_4) ^ (-x_1 v -x_4 v x_0) ^ (-x_1 v -x_0) ^ (-x_4 v -x_2 v -x_3) ^ (x_0 v -x_2 v x_3) ^ (-x_4 v -x_3 v -x_0)]
5,10,6,0.1978147029876709,68.30262660980225,68.50044131278992,4.475213050842285,[(x_0 v -x_4 v x_3) ^ (x_3 v x_2 v -x_0) ^ (x_0 v -x_1 v -x_2) ^ (x_4 v -x_0) ^ (-x_1 v x_4 v -x_3) ^ (-x_0 v -x_2 v -x_3) ^ (x_0 v x_2) ^ (-x_1 v x_4 v x_0) ^ (x_1 v -x_0) ^ (-x_1 v x_4 v -x_0)]
5,14,1,0.04246091842651367,0.047983407974243164,0.09044432640075684,1.033860206604004,[(x_3 v x_4 v x_2) ^ (-x_1 v -x_3) ^ (-x_1 v x_4) ^ (-x_1 v -x_4 v x_3) ^ (x_1 v -x_2) ^ (-x_1 v x_2 v -x_3) ^ (x_3 v x_1 v -x_4) ^ (-x_4 v -x_2 v -x_0) ^ (x_3 v -x_2 v -x_0) ^ (x_1 v -x_2 v x_4) ^ (-x_0 v x_4 v -x_3) ^ (-x_4 v x_2) ^ (x_4 v -x_3) ^ (-x_1 v x_4 v -x_0)]
5,11,6,0.2337629795074463,0.2426919937133789,0.4764549732208252,5.449021339416504,[(-x_4 v x_2) ^ (-x_1 v x_2 v -x_3) ^ (x_2 v -x_3 v -x_0) ^ (x_3 v -x_2 v -x_0) ^ (x_0 v x_2) ^ (-x_0 v -x_2 v -x_3) ^ (x_0 v x_2 v -x_3) ^ (-x_1 v -x_4 v -x_3) ^ (x_3 v x_1 v x_4) ^ (-x_1 v -x_2 v x_3) ^ (x_1 v x_4 v -x_3)]
5,8,1,0.02433156967163086,0.019373655319213867,0.04370522499084473,0.5835065841674805,[(x_4 v x_2) ^ (x_3 v x_4 v x_0) ^ (-x_4 v -x_2 v -x_0) ^ (x_3 v x_2) ^ (-x_4 v x_2 v -x_3) ^ (x_1 v -x_4 v x_2) ^ (x_4 v -x_3) ^ (x_0 v x_1 v -x_3)]
5,11,6,0.2143259048461914,0.3204970359802246,0.534822940826416,4.862927436828613,[(x_1 v -x_4 v -x_0) ^ (x_1 v x_4 v x_2) ^ (x_0 v x_4 v -x_3) ^ (x_3 v x_2 v -x_0) ^ (-x_4 v -x_0) ^ (x_0 v -x_3) ^ (-x_4 v -x_2) ^ (x_4 v -x_0) ^ (x_0 v x_1 v x_2) ^ (-x_1 v x_4 v x_2) ^ (x_3 v -x_2 v -x_0)]
5,5,1,0.017240524291992188,0.006520748138427734,0.023761272430419922,0.4108543395996094,[(x_0 v -x_2 v x_4) ^ (x_1 v x_2) ^ (x_0 v -x_4 v x_2) ^ (x_3 v x_1 v x_2) ^ (-x_3 v -x_0)]
5,9,6,0.1406714916229248,23.325429677963257,23.46610116958618,2.941981315612793,[(-x_2 v -x_0) ^ (x_2 v -x_0) ^ (x_3 v -x_2 v x_0) ^ (x_3 v -x_1 v -x_0) ^ (x_3 v -x_4) ^ (x_3 v x_2) ^ (x_0 v -x_4 v -x_3) ^ (x_0 v -x_2 v x_3) ^ (x_1 v x_4)]
5,5,1,0.011760950088500977,0.00498652458190918,0.016747474670410156,0.31461620330810547,[(x_2 v -x_3) ^ (-x_4 v -x_0) ^ (x_0 v x_1 v x_2) ^ (x_3 v x_1 v x_4) ^ (x_1 v x_4)]
5,5,6,0.11919355392456055,24.62926936149597,24.748462915420532,2.6792736053466797,[(x_3 v -x_1) ^ (-x_1 v -x_2 v x_0) ^ (x_3 v x_1 v -x_4) ^ (x_4 v x_2 v -x_0) ^ (-x_1 v x_4 v -x_0)]
5,11,1,0.04049396514892578,0.012212038040161133,0.052706003189086914,0.9716901779174805,[(x_1 v -x_4 v -x_0) ^ (-x_1 v x_4) ^ (x_3 v x_2 v -x_0) ^ (x_0 v x_1 v -x_4) ^ (-x_1 v x_4 v -x_3) ^ (x_0 v x_2) ^ (x_0 v x_1 v x_2) ^ (-x_1 v x_4 v x_2) ^ (x_1 v -x_0) ^ (x_3 v x_1 v x_4) ^ (x_3 v x_4 v -x_0)]
5,11,6,0.2532782554626465,97.12889432907104,97.38217258453369,5.453553199768066,[(x_1 v -x_4 v -x_0) ^ (x_3 v -x_2) ^ (x_0 v -x_2 v -x_3) ^ (x_3 v x_1 v x_0) ^ (x_3 v -x_4 v -x_0) ^ (-x_1 v -x_0 v -x_3) ^ (-x_0 v -x_2 v -x_3) ^ (x_0 v -x_4) ^ (x_0 v -x_2 v x_3) ^ (x_0 v x_1 v -x_2) ^ (-x_1 v x_4 v -x_0)]
5,5,1,0.015874385833740234,0.004175901412963867,0.0200502872467041,0.39372825622558594,[(-x_1 v x_2) ^ (-x_2 v -x_3 v x_4) ^ (x_1 v -x_0) ^ (x_3 v -x_1 v -x_2) ^ (x_3 v -x_1 v -x_4)]
5,5,6,0.1502525806427002,23.53075623512268,23.68100881576538,3.2257213592529297,[(x_1 v -x_2 v -x_3) ^ (x_0 v x_4 v x_2) ^ (x_2 v -x_3 v -x_0) ^ (-x_1 v x_2 v x_0) ^ (-x_1 v x_2 v -x_0)]
5,12,1,0.04287600517272949,0.018496274948120117,0.06137228012084961,1.001765251159668,[(x_1 v -x_4 v -x_0) ^ (x_1 v x_4 v x_2) ^ (-x_2 v -x_0) ^ (-x_1 v x_3 v x_2) ^ (x_3 v x_1 v -x_2) ^ (-x_4 v x_2 v -x_0) ^ (x_3 v x_2 v -x_0) ^ (x_1 v -x_4 v -x_2) ^ (-x_1 v -x_4 v -x_2) ^ (-x_4 v -x_2) ^ (-x_4 v x_2) ^ (x_0 v -x_2 v x_3)]
5,14,6,0.25882744789123535,inf,inf,5.886069297790527,[(x_1 v x_4 v x_2) ^ (-x_1 v -x_2) ^ (-x_1 v -x_4 v x_3) ^ (-x_4 v x_2 v -x_0) ^ (x_1 v -x_3) ^ (x_0 v -x_1) ^ (-x_1 v x_2 v x_0) ^ (-x_1 v -x_4 v -x_2) ^ (x_0 v -x_4 v -x_2) ^ (x_1 v -x_4 v -x_3) ^ (x_1 v x_2) ^ (x_0 v x_1 v x_2) ^ (x_3 v x_1 v x_4) ^ (x_1 v x_4)]
5,14,1,0.0500645637512207,0.2760286331176758,0.3260931968688965,1.1852703094482422,[(-x_2 v -x_0) ^ (x_3 v -x_0) ^ (x_3 v x_1 v -x_2) ^ (-x_1 v x_3 v -x_0) ^ (x_0 v -x_4 v x_3) ^ (-x_1 v -x_2 v x_0) ^ (-x_1 v x_4 v x_2) ^ (x_1 v -x_2 v x_4) ^ (x_0 v x_1) ^ (x_0 v x_1 v -x_2) ^ (x_0 v -x_4 v -x_3) ^ (x_4 v -x_3) ^ (x_0 v -x_2 v x_3) ^ (x_3 v x_4 v -x_0)]
5,13,6,0.28572583198547363,139.93545651435852,140.221182346344,5.803326606750488,[(-x_1 v x_3 v -x_0) ^ (x_3 v -x_2 v x_4) ^ (x_2) ^ (-x_1 v -x_3 v -x_0) ^ (-x_0 v x_4 v -x_3) ^ (x_3 v x_1 v -x_4) ^ (-x_1 v x_2) ^ (x_1 v -x_4 v -x_3) ^ (x_0 v x_2) ^ (x_0 v x_1 v x_3) ^ (x_4 v -x_3 v -x_0) ^ (x_4 v x_2) ^ (x_0 v x_1 v x_4)]
5,12,1,0.04021453857421875,0.31911158561706543,0.3593261241912842,0.9055290222167969,[(-x_1 v -x_3) ^ (x_3 v -x_0) ^ (x_1 v x_2 v -x_0) ^ (x_2 v -x_3) ^ (x_1 v -x_3) ^ (-x_1 v -x_3 v -x_0) ^ (-x_2 v -x_3 v x_4) ^ (-x_1 v x_2 v -x_0) ^ (x_1 v -x_2 v -x_0) ^ (x_4 v -x_3 v -x_0) ^ (-x_1 v -x_4 v x_2) ^ (x_3 v x_2 v x_0)]
5,5,6,0.11852812767028809,19.470781326293945,19.589309453964233,2.696268081665039,[(x_1 v -x_3) ^ (-x_4 v x_2 v -x_3) ^ (x_1 v -x_2 v x_4) ^ (x_3 v -x_1 v x_0) ^ (x_0 v x_1 v -x_2)]
